#Misc Stuff;;;;;;;;;;;;;;x
VIETmisc.7000.desc;It appears like I somehow misplaced one of my prized possessions.;Il semble que j'ai en quelque sorte égaré l'un de mes précieux biens.;;;;;;;;;;x;x
VIETmisc.7000.a;That is unfortunate.;C'est regrettable.;;;;;;;;;;;;x
VIETmisc.7001.desc;Whoops! Looks like I accidentally broke something.;Oups ! On dirait que j'ai accidentellement cassé quelque chose.;;;;;;;;;;x;x
VIETmisc.7001.a;Uh-oh...;Uh-oh ...;;;;;;;;;;;;x
VIETmisc.7002.desc;Thieves broke into my residence. Thankfully, my guards subdued most of them and managed to recover most of my valuables. However, one thief managed to elude their grasp and got away with one of my valuables. We were unable to track down the scoundrel afterwards.;Des voleurs ont fait irruption chez moi. Heureusement, mes gardes ont maîtrisé la plupart d'entre eux et ont réussi à récupérer la plupart de mes objets de valeur. Cependant, un voleur a réussi à leur échapper et s'est enfui avec l'un de mes objets de valeur. Nous avons été incapables de retrouver le scélérat après.;;;;;;;;;;x;x
VIETmisc.7002.a;Unfortunate.;Malheureux.;;;;;;;;;;;;x
VIETmisc.7003.desc;Over the years, your wolf pelt has gotten worn out. Now, it is no longer beautiful as it used to be. In fact, it just got stained with something so horrendous, you don't even want to think about it. If anything, it's now making the room it is in look worse, not better!;Au fil des années, votre peau de loup s'est usée. Maintenant, elle n'est plus aussi belle qu'autrefois. En fait, elle est devenue tachée par quelque chose d'aussi horrible que vous ne voulez même pas y penser. Quoi qu'il en soit, cela rend maintenant la pièce dans laquelle elle est pire, pas meilleure !;;;;;;;;;;x;x
VIETmisc.7003.a;Time to get rid of it.;Il est temps de s'en débarrasser.;;;;;;;;;;;;x
VIETmisc.7004.desc;Oh no! While inspecting my hourglass, I accidentally dropped it and the glass all shattered when it fell on the floor. I sigh with deep regret as servants rush to clean the mess of glass and sand. It was such a nice hourglass, too. I watch for a while as the servants do their work.;Oh non! Lors de l'inspection de mon sablier, je l'ai accidentellement laissé tomber et le verre s'est brisé lorsqu'il est tombé par terre. Je soupire avec un profond regret alors que les serviteurs s'empressent de nettoyer les débris de verre et de sable. C'était aussi un bon sablier. Je regarde pendant un moment pendant que les domestiques font leur travail.;;;;;;;;;;x;x
VIETmisc.7004.a;Help the servants clean it up - it was my fault.;Aider les domestiques à le nettoyer - c'était de ma faute.;;;;;;;;;;;;x
VIETmisc.7004.b;Watch the servants.;Regarder les domestiques.;;;;;;;;;;;;x
VIETmisc.7004.c;Angrily berate the servants - it wasn't my fault!;En colère gronder les serviteurs - ce n'était pas de ma faute !;;;;;;;;;;;;x
VIETmisc.7005.desc;One day, I came across my ancient artifact laying on the ground, shattered to pieces. Someone or something must have knocked it over, but there's no way of figuring out who.;Un jour, je suis tombé sur mon ancien artefact étendu sur le sol, brisé en morceaux. Quelqu'un ou quelque chose doit l'avoir renversé, mais il n'y a aucun moyen de savoir qui.;;;;;;;;;;x;x
VIETmisc.7005.a;Curses. It was so nice, too!;Malédictions. C'était tellement bien aussi !;;;;;;;;;;;;x
VIETmisc.7005.b;No matter, what's done is done.;Peu importe, ce qui est fait est fait.;;;;;;;;;;;;x
VIETmisc.7005.c;Punish every servant! One of them must've caused it.;Punissez chaque serviteur ! L'un d'entre eux a dû le causer.;;;;;;;;;;;;x
VIETmisc.7006.desc;How could she? While cleaning, the maid accidentally bumped into one of my priceless, ancient artifacts. It fell into the ground, where it broke into many pieces. Coincidentally I was there to witness the whole incident.;Comment pourrait-elle ? Pendant le nettoyage, la femme de ménage est tombée accidentellement sur l'un de mes anciens artefacts inestimables. Il est tombé au sol, où il s'est brisé en plusieurs morceaux. Par coïncidence, j'étais sur place pour assister à tout l'incident.;;;;;;;;;;x;x
VIETmisc.7006.a;The girl looks up at me, her eyes wide with fear.;La fille me regarde, les yeux écarquillés de peur.;;;;;;;;;;;;x
VIETmisc.7007.desc;Now the girl is quivering uncontrollably as I decide what to do with her. She's usually a good, clever, and talented girl, liked by all - she just happens to also be clumsy on occasion.;Maintenant, la fille tremble de manière incontrôlable alors que je décide quoi faire avec elle. Elle est généralement une fille bonne, intelligente et talentueuse, appréciée de tous - elle se trouve aussi être maladroite à l'occasion.;;;;;;;;;;x;x
VIETmisc.7007.a;She just needs to be more careful from now on.;Elle a juste besoin d'être plus prudente à partir de maintenant.;;;;;;;;;;;;x
VIETmisc.7007.b;Beat her for her insolence before firing her.;La battre pour son insolence avant de la licencier.;;;;;;;;;;;;x
VIETmisc.7007.c;Maybe she's better suited as a lady in waiting.;Peut-être qu'elle est mieux adaptée en tant que femme d'attente.;;;;;;;;;;;;x
VIETmisc.7007.d;I have a better idea on how she can repay her debt.;J'ai une meilleure idée de la façon dont elle peut rembourser sa dette.;;;;;;;;;;;;x
VIET_maid_artifact_be_nice;\n\nThe artifact is not worth fussing about. Hopefully with time she will learn from her mistakes.;\n\nL'artefact ne vaut pas la peine qu'on s'y attarde. Espérons qu'avec le temps, elle apprendra de ses erreurs.;;;;;;;;;;x;x
VIET_maid_artifact_be_asshole;\n\nThat girl was stupid and careless.;\n\nCette fille était stupide et négligente.;;;;;;;;;;x;x
VIET_maid_artifact_promote;\n\nI'm fond of her, to be honest, given her likeable personality, and think maybe with some time and effort, she can be taught to be more graceful and prudent.;\n\n Je l'aime sincèrement, compte tenu de sa personnalité attrayante, et je pense que, avec un peu de temps et d'efforts, on peut lui apprendre à être plus gracieuse et plus prudente.;;;;;;;;;;x;x
VIET_maid_artifact_bang;\n\nShe is a very pretty girl, after all. Why not get something out of this?;\n\nC'est une très jolie fille, après tout. Pourquoi ne pas en tirer quelque chose ?;;;;;;;;;;x;x
VIETmisc.7008.desc;A fire broke out in part of your residence today. Since it was small, there was barely any damage, and no one got hurt. However, it did burn and destroy something precious belonging to you...;Un incendie s'est déclaré dans une partie de votre résidence aujourd'hui. Comme elle était petite, il n'y a pratiquement pas eu de dégâts et personne n'a été blessé. Cependant, cela a brûlé et détruit quelque chose de précieux qui vous appartient ...;;;;;;;;;;x;x
VIETmisc.7008.a;Oh no!;Oh non !;;;;;;;;;;;;x
VIETmisc.7009.desc;It seems that over time, the silver on most of the silverware in my special set has eroded from overuse. Attempts to polish it have proved futile. There isn't much a point in keeping my old silverware set anymore as it won't impress anyone.;Il semble qu'au fil du temps, l'argent de la plupart des couverts de mon ensemble spécial s'est érodé. Les tentatives pour les polir se sont avérées vaines. Il ne sert à rien de conserver mon ancien ensemble d'argenterie car cela n'impressionnera personne.;;;;;;;;;;x;x
VIETmisc.7009.a;It isn't doing me any good now.;Cela ne me fait aucun bien maintenant.;;;;;;;;;;;;x
VIETmisc.7009.b;I could at least pawn off the remaining silver for something.;Je pourrais au moins mettre en gage l'argent restant pour quelque chose.;;;;;;;;;;;;x
VIETmisc.7009.c;Perhaps I can give it as a gift to a commoner?;Peut-être que je peux le donner en cadeau à un roturier ?;;;;;;;;;;;;x
VIETmisc.7010.desc;Over time, my personal goblet has accumulated a lot of grime and muck that has become more and more difficult to scrape off. Everyone says it's disgusting and that I should just get rid of the goblet.;Au fil du temps, mon verre personnel a accumulé beaucoup de saleté et de boue qu'il est devenu de plus en plus difficile à enlever. Tout le monde dit que c'est dégueulasse et que je devrais juste me débarrasser du gobelet.;;;;;;;;;;x;x
VIETmisc.7010.a;They have a point.;Ils ont un point.;;;;;;;;;;;;x
VIETmisc.7010.b;No! I'll try to keep the goblet!;Non ! Je vais essayer de garder le gobelet !;;;;;;;;;;;;x
VIETmisc.7010.c;Come on, the peasants have it worse than this.;Allez, les paysans ont pire que ça.;;;;;;;;;;;;x
VIETmisc.7011.desc;I drank something earlier today from that goblet and I felt really sick, yet everyone else who drank the same thing felt fine.;Plus tôt dans la journée, j'ai bu quelque chose dans ce verre et je me suis senti très malade. Pourtant, tous ceux qui avaient bu la même chose se sentaient bien.;;;;;;;;;;x;x
VIETmisc.7011.a;Alright, alright, I get your point, I'll get rid of it.;D'accord, d'accord, je comprends ce que vous voulez dire, je vais m'en débarrasser.;;;;;;;;;;;;x
VIETmisc.7012.desc;My colorful, exotic quill pen has worn out from too much use. It can't really write properly anymore.;Mon porte-plume coloré et exotique a trop servi. Il ne peut plus vraiment écrire correctement.;;;;;;;;;;x;x
VIETmisc.7012.a;In the garbage it goes, then.;À la poubelle ça va, alors.;;;;;;;;;;;;x
VIETmisc.7013.desc;While a servant was pouring something for me out of my lovely pitcher, I accidentally moved my hand over and knocked the pitcher flying, and it shattered on the ground.;Tandis qu'un serviteur sortait quelque chose pour moi de ma belle cruche, j'ai accidentellement déplacé ma main et j'ai renversé la cruche en vol, et celle-ci s'est brisée au sol.;;;;;;;;;;x;x
VIETmisc.7013.a;The servant! Punish him! It was... obviously his fault!;Le serviteur ! Punissez-le ! C'était ... visiblement sa faute !;;;;;;;;;;;;x
VIETmisc.7013.b;Oh well, it lived a good life.;Oh bien, ça a bien vécu.;;;;;;;;;;;;x
VIETmisc.7014.desc;I somehow lost the normal key AND all the spares key to my special chest. I and all the servants in my household went around searching for it, and it couldn't be found. Not only that, because of how intricate the lock on the chest is, as the original locksmith who designed it is no longer alive, no locksmith knows how to design a key that can open it.;J'ai en quelque sorte perdu la clé normale ET tous les doubles de mon coffre spécial. Tous les domestiques de ma maison et moi sommes allés les chercher, et elles n'ont pas pu être trouvées. En plus cela, à cause de la complexité de la serrure sur le coffre, aucun serrurier ne sait concevoir une clé capable de l'ouvrir, car le serrurier d'origine qui l'a conçue n'est plus en vie.;;;;;;;;;;x;x
VIETmisc.7014.a;Oh dear, oh dear.;Oh cher, oh cher.;;;;;;;;;;;;x
VIETmisc.7015.desc;While you were enthusiastically showing someone your star chart, you accidentally moved your hands too fast and tore it apart. In panic, you dropped one of the pieces... onto a candle, where it burned.;Tandis que vous montriez avec enthousiasme votre carte des étoiles à quelqu'un, vous avez accidentellement déplacé vos mains trop rapidement et vous l'avez déchirée. En panique, vous avez déposé l'une des pièces ... sur une bougie, où elle a brûlé.;;;;;;;;;;x;x
VIETmisc.7015.a;No! The whole thing is ruined now!;Non ! Le tout est en ruine maintenant !;;;;;;;;;;;;x
VIETmisc.7015.b;This is terrible, but I could use the back as scrap paper at least.;C'est terrible, mais je pourrais utiliser le verso comme papier au moins.;;;;;;;;;;;;x
VIETmisc.7016.desc;I let [target_VIET_chess_pieces_lost.GetTitledName] borrow my chess set, but when [target_VIET_chess_pieces_lost.GetSheHe] returned it to me a number of the pieces were missing. This is terrible! It appears [target_VIET_chess_pieces_lost.GetSheHe] must have lost it somewhere. The chess set is as good as useless now.;J'ai laissé [target_VIET_chess_pieces_lost.GetTitledName] emprunter mon jeu d'échecs, mais lorsque [target_VIET_chess_pieces_lost.GetSheHe] me l'a retourné, un certain nombre de pièces manquaient. C'est terrible ! Il semble que [target_VIET_chess_pieces_lost.GetSheHe] l'ait perdue quelque part. Le jeu d'échecs est quasiment inutile maintenant.;;;;;;;;;;x;x
VIETmisc.7016.a;I'm disappointed in them.;Je suis déçu d'eux.;;;;;;;;;;;;x
VIETmisc.7016.b;I'm angry!;Je suis en colère !;;;;;;;;;;;;x
VIETmisc.7016.c;It's no big deal.;Ce n'est pas grand chose.;;;;;;;;;;;;x
VIETmisc.7017.desc;My porcelain chopsticks... they somehow... snapped in half?;Mes baguettes en porcelaine ... elles se sont cassées en deux ?;;;;;;;;;;x;x
VIETmisc.7017.a;Wait... how?;Attends ... comment?;;;;;;;;;;;;x
VIETmisc.7018.desc;Curses! That traveling merchant that just visited here was no honest merchant, no wonder the goods he was offering me seemed so suspiciously poor in quality - he was a thief! Guards report that they saw him running off with some of my valuables. I've put my soldiers on high alert, but it's possible that thief could be anywhere now.;Maudits ! Ce marchand ambulant qui vient de visiter cet endroit n'est pas un honnête commerçant. Il n'est donc pas étonnant que les produits qu'il me proposait paraissent si médiocres en qualité - c'est un voleur ! Les gardes rapportent l'avoir vu partir avec certains de mes objets de valeur. J'ai mis mes soldats en état d'alerte, mais il est possible que le voleur se trouve n'importe où maintenant.;;;;;;;;;;x;x
VIETmisc.7018.a;Can I even find a good replacement for it?;Puis-je même trouver un bon remplaçant ?;;;;;;;;;;;;x
VIETmisc.7019.desc;I am giving a tour of my house and property to several important elites from elsewhere in my realm. One of them notices something belonging to me, and is quite enamoured with it! They ask if I am willing to part with it for an exorbitant price.;Je suis en train de faire le tour de ma maison et de mes biens à plusieurs élites importantes venues d'ailleurs de mon royaume. L'un d'eux remarque quelque chose qui m'appartient et en est tout à fait amoureux ! Ils me demandent si je suis prêt à m'en séparer pour un prix exorbitant.;;;;;;;;;;x;x
VIETmisc.7019.a;You got a deal.;Vous avez un accord.;;;;;;;;;;;;x
VIETmisc.7019.b;No deal.;Pas d'entente.;;;;;;;;;;;;x
VIETmisc.7020.desc;My silk slippers have worn out from overuse.;Mes pantoufles de soie sont usées par la surutilisation.;;;;;;;;;;x;x
VIETmisc.7020.a;Time to find something new for my feet.;Il est temps de trouver quelque chose de nouveau pour mes pieds.;;;;;;;;;;;;x
VIETmisc.7021.desc;My set of dice aren't what they used to be. Parts of it seemed chipped off and it seems unbalanced, so it isn't exactly a fair dice.;Mes jeux de dés ne sont plus ce qu'ils étaient. Certaines parties semblaient en morceaux et semblaient déséquilibrées, de sorte que les dés n'étaient pas tout à fait justes.;;;;;;;;;;x;x
VIETmisc.7021.a;I'll have to throw it away.;Je vais devoir les jeter.;;;;;;;;;;;;x
VIETmisc.7022.desc;I am preparing for an upcoming meeting with someone important, and inspect myself with my mirror, when I accidentally drop it and it shatters. I have to go meet this person very soon, yet I feel bad just leaving the shards of glass there for the servants to clean up.;Je me prépare pour une prochaine rencontre avec une personne importante et je m'inspecte avec mon miroir lorsque je le laisse tomber par inadvertance et que cela le brise. Je dois aller voir cette personne très bientôt, pourtant je me sens mal de laisser les éclats de verre là-bas pour que les domestiques nettoient.;;;;;;;;;;x;x
VIETmisc.7022.a;Help the servants. My guest can wait.;Aider les serviteurs. Mon invité peut attendre.;;;;;;;;;;;;x
VIETmisc.7022.b;My guest is more important.;Mon invité est plus important.;;;;;;;;;;;;x
VIETmisc.7023.desc;You are hosting a small party, and showing some of your guests the lute you keep as decoration, which you currently hang over the wall. One of your guests reaches out to touch it, only to accidentally dislodge it and cause it to come tumbling to the ground, where it breaks. "Oops," your guest mutters.;Vous organisez une petite fête et montrez à certains de vos invités le luth que vous conservez comme décoration, que vous accrochez actuellement au mur. Un de vos invités s'efforce de le toucher, mais seulement pour le déloger accidentellement et le faire tomber sur le sol, où il se brise. "Oups", murmure votre invité.;;;;;;;;;;x;x
VIETmisc.7023.a;You moron! How could you!;Crétin ! Comment peux-tu !;;;;;;;;;;;;x
VIETmisc.7023.b;It's alright, everyone, I have plenty other nice things to show you.;Tout va bien, tout le monde, j'ai plein d'autres belles choses à vous montrer.;;;;;;;;;;;;x
VIETmisc.7024.desc;While some laborers were renovating a part of your residence, one of them took your precious calipers, not realizing they were decoration and not tools meant to be used. He later misplaced it somewhere and now it is lost. "I'm sure you can find more calipers elsewhere," one of my servants tells me. "They're all over the place.";Alors que certains ouvriers rénovaient une partie de votre résidence, l'un d'eux a pris vos précieux étriers, ne réalisant pas qu'il s'agissait d'une décoration et non d'outils destinés à être utilisés. Il les a plus tard égaré quelque part et maintenant ils sont perdus. "Je suis sûr que vous pouvez trouver plus d'étriers ailleurs", m'a dit l'un de mes serviteurs. "Ils sont partout.";;;;;;;;;;x;x
VIETmisc.7024.a;I can only sigh. What's done is done.;Je ne peux que soupirer. Ce qui est fait est fait.;;;;;;;;;;;;x
VIETmisc.7025.desc;It seems my magnifying glass is not as good as it used to be. There is even a large crack in my magnifying glass and I don't know how it got there. Trying to zoom in on small text doesn't work as well as it did when I first got it.;Il semble que ma loupe n'est plus aussi bonne qu'elle était. Il y a même une grande fissure dans ma loupe et je ne sais pas comment ça s'est passé là-bas. Essayer de zoomer sur un petit texte ne fonctionne pas aussi bien que lorsque je l'ai reçu pour la première fois.;;;;;;;;;;x;x
VIETmisc.7025.a;Looks like I have to get rid of it.;On dirait que je dois m'en débarrasser.;;;;;;;;;;;;x
VIETmisc.7026.desc;I met with some merchants the other day and sealed an important deal with them. I decided to gift one of them my prized abacus to butter them up, as it is getting worn from use so I don't like using it that much anymore, but it is still higher quality than other abacuses so it would still make a good gift.;J'ai rencontré des marchands l'autre jour et j'ai signé un accord important avec eux. J'ai décidé de faire cadeau à l'un d'entre eux de mon précieux boulier, car il est usé, je n'aime plus trop l'utiliser, mais il est toujours de meilleure qualité que les autres bouliers, donc il ferait toujours un bon cadeau.;;;;;;;;;;x;x
VIETmisc.7026.a;They seemed to appreciate the gift.;Ils semblaient apprécier le cadeau.;;;;;;;;;;;;x
VIETmisc.7027.desc;Afterwards, one of the merchants, learned in mathematics and possessing some business acumen, asked me if I were willing to let him stay at my court so he could assist me with various matters. He seems reasonably intelligent and has a number of good contacts.;Par la suite, un des marchands, instruit en mathématiques et possédant un certain sens des affaires, m'a demandé si j'étais disposé à le laisser rester à ma cour afin qu'il puisse m'aider dans divers domaines. Il semble raisonnablement intelligent et a de nombreux bons contacts.;;;;;;;;;;x;x
VIETmisc.7027.a;He could make a useful person to have around.;Cela pourrait être une personne utile d'avoir proche de soi.;;;;;;;;;;;;x
VIETmisc.7027.b;It's fine. Go with your friends and their new abacus.;C'est bien. Allez avec vos amis et leur nouveau boulier.;;;;;;;;;;;;x
VIETmisc.7028.desc;We were enjoying a small meal. I was just trying to reach over to grab something, when my hand slipped and knocked my exquisite wooden nutcracker. It flew... and flew... and flew... into the nearby fireplace.;Nous profitions d'un petit repas. J'essayais juste de tendre la main pour attraper quelque chose, quand ma main a glissé et a frappé mon casse-noisette en bois exquis. Il a volé ... et a volé ... et a volé ... dans la cheminée à proximité.;;;;;;;;;;x;x
VIETmisc.7028.a;Well. Darn.;Bien. Zut.;;;;;;;;;;;;x
VIETmisc.7029.desc;My wooden bowl has cracked and can no longer hold anything properly.;Mon bol en bois est fissuré et ne peut plus rien tenir correctement.;;;;;;;;;;x;x
VIETmisc.7029.a;Oh woe!;Oh malheur!;;;;;;;;;;;;x
VIETmisc.7030.desc;I was too forceful scooping food and as a result I bent my pewter spoon too much. When I tried to bend it back to its original shape, I ended up breaking it in half.;J'avais trop de force pour ramasser de la nourriture et, par conséquent, j'ai trop courbé ma cuillère en étain. Quand j'ai essayé de la plier pour la ramener à sa forme originale, j'ai fini par la casser en deux.;;;;;;;;;;x;x
VIETmisc.7030.a;Whoops!;Oups !;;;;;;;;;;;;x
VIETmisc.7031.desc;I accidentally broke my measuring rod in half. It is now no longer useful.;J'ai accidentellement cassé ma tige de mesure en deux. Elle n'est plus utile maintenant.;;;;;;;;;;x;x
VIETmisc.7031.a;What a waste!;Quel gâchis !;;;;;;;;;;;;x
VIETmisc.7032.desc;I stumbled while walking and crashed into my flower vase. Before I could do anything, it shattered into many little pieces on the floor.;J'ai trébuché en marchant et suis tombé sur mon vase à fleurs. Avant que je puisse faire quoi que ce soit, il s'est brisé en plusieurs petits morceaux sur le sol.;;;;;;;;;;x;x
VIETmisc.7032.a;Oh no!;Oh non !;;;;;;;;;;;;x
VIETmisc.7033.desc;Oh no! I was carrying too much in my knapsack, and as a result it was unable to handle the huge load and a large tear appeared on it. It is now useless for holding items as they keep falling through the hole.;Oh non ! Je portais trop de choses dans mon sac à dos et, par conséquent, il était incapable de supporter l'énorme charge et une grande déchirure est apparue dessus. Il est maintenant inutile de garder des objets car ils continuent de tomber à travers le trou.;;;;;;;;;;x;x
VIETmisc.7033.a;What a pity.;Quel dommage.;;;;;;;;;;;;x
VIETmisc.7034.desc;My weighing scale broke apart while I was trying to use it today. It seems that it has worn from overuse.;Ma balance s'est brisée alors que j'essayais de l'utiliser aujourd'hui. Il semble qu'elle soit usé par la surutilisation.;;;;;;;;;;x;x
VIETmisc.7034.a;It is what it is.;C'est ce que c'est.;;;;;;;;;;;;x
VIETmisc.7035.desc;I dropped my hammer and it broke.;J'ai laissé tomber mon marteau et il s'est cassé.;;;;;;;;;;x;x
VIETmisc.7035.a;Why did that happen to me?;Pourquoi cela m'est-il arrivé ?;;;;;;;;;;;;x
VIETmisc.7036.desc;My shovel is rusty and broken.;Ma pelle est rouillée et cassée.;;;;;;;;;;x;x
VIETmisc.7036.a;How sad!;Quelle tristesse !;;;;;;;;;;;;x
VIETmisc.7037.desc;For some time, my painting of a lovely lake has been a key part of my residence's decor. Unfortunately, today it accidentally dropped and fell on top of a candle.;Depuis quelque temps, ma peinture d'un joli lac fait partie intégrante du décor de ma résidence. Malheureusement, aujourd'hui, elle s'est décrochée accidentellement et est tombé sur une bougie.;;;;;;;;;;x;x
VIETmisc.7037.a;What misfortune!;Quel malheur !;;;;;;;;;;;;x
VIETmisc.7037.b;Pay a painter to restore it!;Payer un peintre pour la restaurer !;;;;;;;;;;;;x
VIETmisc.7038.desc;That painting of an ancient ruin has always been my favorite. How unlucky must I have been today, then! While I was trying to adjust its position, it fell and not only did the frame break, but the painting itself ended up getting damaged.;Cette peinture d'une ruine ancienne a toujours été ma préférée. Quelle malchance dois-je avoir été aujourd'hui, alors ! Pendant que j'essayais d'ajuster sa position, elle est tombé et non seulement le cadre s'est brisé, mais le tableau lui-même a été endommagé.;;;;;;;;;;x;x
VIETmisc.7038.a;How could this happen?;Comment cela pourrait-il arriver ?;;;;;;;;;;;;x
VIETmisc.7038.b;Find a painter, quick - it can still be restored!;Trouver un peintre, vite, elle peut encore être restaurée !;;;;;;;;;;;;x
VIETmisc.7039.desc;I've always enjoyed observing that painting of mine, the wonderful one that depicts the forest. It looks so lifelike! But today, while showing it to some visitors, I leaned in to gaze at its details, only to accidentally knock it over. It ended up getting severely damaged.;J'ai toujours aimé observer mon tableau, le magnifique qui représente la forêt. Il a l'air si réaliste ! Mais aujourd'hui, alors que je le montrais à certains visiteurs, je me suis penché pour en regarder les détails, il a été renversé accidentellement. Il a fini par être gravement endommagé.;;;;;;;;;;x;x
VIETmisc.7039.a;This is an embarrassment and a tragedy!;C'est un embarras et une tragédie !;;;;;;;;;;;;x
VIETmisc.7039.b;I must get a painter to restore it.;Je dois demander à un peintre de le restaurer.;;;;;;;;;;;;x
VIETmisc.7040.desc;Curses! Where did my lockpick go? I've always had it with me, but it must have dropped out of my pocket when I was taking a walk earlier. Me and my guards searched everywhere for it, but it seems like I may have lost it forever.;Malédiction ! Où est passé mon crochet de serrure ? Je l'ai toujours eu avec moi, mais il a dû tomber de ma poche lorsque je me suis promené un peu plus tôt. Mes gardes et moi l'avons cherchée partout, mais il semble que je l'aie perdue à jamais.;;;;;;;;;;x;x
VIETmisc.7040.a;Other lockpicks just can't compare to it.;Les autres crochets de serrures ne sont pas comparables.;;;;;;;;;;;;x
VIETmisc.7041.desc;I was drinking out of my ceramic tankard when my fingers slipped and I accidentally dropped it to the ground. I couldn't do anything as it shattered and broke into many little pieces.;Je buvais dans ma chope en céramique lorsque mes doigts ont glissé et que je l'ai accidentellement fait tomber par terre. Je n'ai rien pu faire car elle s'est brisée en plusieurs petits morceaux.;;;;;;;;;;x;x
VIETmisc.7041.a;Oh no!;Oh non !;;;;;;;;;;;;x
VIETmisc.7042.desc;xxxxx;;;;;;;;;;;x
VIETmisc.7042.a;Xxxxxxffff;;;;;;;;;;;;;x
VIETmisc.7043.desc;xxxxx;;;;;;;;;;;x
VIETmisc.7043.a;Xxxxxxffff;;;;;;;;;;;;;x
VIETmisc.7044.desc;xxxxx;;;;;;;;;;;x
VIETmisc.7044.a;Xxxxxxffff;;;;;;;;;;;;;x
VIETmisc.7045.desc;xxxxx;;;;;;;;;;;x
VIETmisc.7045.a;Xxxxxxffff;;;;;;;;;;;;;x
VIETmisc.7046.desc;xxxxx;;;;;;;;;;;x
VIETmisc.7046.a;Xxxxxxffff;;;;;;;;;;;;;x
VIETmisc.7047.desc;xxxxx;;;;;;;;;;;x
VIETmisc.7047.a;Xxxxxxffff;;;;;;;;;;;;;x
VIETmisc.7048.desc;xxxxx;;;;;;;;;;;x
VIETmisc.7048.a;Xxxxxxffff;;;;;;;;;;;;;x
VIETmisc.7049.desc;xxxxx;;;;;;;;;;;x
VIETmisc.7049.a;Xxxxxxffff;;;;;;;;;;;;;x
VIETmisc.7050.desc;xxxxx;;;;;;;;;;;x
VIETmisc.7050.a;Xxxxxxffff;;;;;;;;;;;;;x
VIETmisc.7051.desc;xxxxx;;;;;;;;;;;x
VIETmisc.7051.a;Xxxxxxffff;;;;;;;;;;;;;x
VIETmisc.7052.desc;xxxxx;;;;;;;;;;;x
VIETmisc.7052.a;Xxxxxxffff;;;;;;;;;;;;;x
VIETmisc.7053.desc;xxxxx;;;;;;;;;;;x
VIETmisc.7053.a;Xxxxxxffff;;;;;;;;;;;;;x
VIETmisc.7054.desc;xxxxx;;;;;;;;;;;x
VIETmisc.7054.a;Xxxxxxffff;;;;;;;;;;;;;x
VIETmisc.7055.desc;xxxxx;;;;;;;;;;;x
VIETmisc.7055.a;Xxxxxxffff;;;;;;;;;;;;;x
VIETmisc.7056.desc;xxxxx;;;;;;;;;;;x
VIETmisc.7056.a;Xxxxxxffff;;;;;;;;;;;;;x
VIETmisc.7057.desc;xxxxx;;;;;;;;;;;x
VIETmisc.7057.a;Xxxxxxffff;;;;;;;;;;;;;x
VIETmisc.7058.desc;xxxxx;;;;;;;;;;;x
VIETmisc.7058.a;Xxxxxxffff;;;;;;;;;;;;;x
VIETmisc.7059.desc;xxxxx;;;;;;;;;;;x
VIETmisc.7059.a;Xxxxxxffff;;;;;;;;;;;;;x
VIETmisc.7060.desc;xxxxx;;;;;;;;;;;x
VIETmisc.7060.a;Xxxxxxffff;;;;;;;;;;;;;x
VIETmisc.7061.desc;xxxxx;;;;;;;;;;;x
VIETmisc.7061.a;Xxxxxxffff;;;;;;;;;;;;;x
VIETmisc.7062.desc;xxxxx;;;;;;;;;;;x
VIETmisc.7062.a;Xxxxxxffff;;;;;;;;;;;;;x
VIETmisc.7063.desc;xxxxx;;;;;;;;;;;x
VIETmisc.7063.a;Xxxxxxffff;;;;;;;;;;;;;x
VIETmisc.7064.desc;xxxxx;;;;;;;;;;;x
VIETmisc.7064.a;Xxxxxxffff;;;;;;;;;;;;;x
VIETmisc.7065.desc;xxxxx;;;;;;;;;;;x
VIETmisc.7065.a;Xxxxxxffff;;;;;;;;;;;;;x
VIETmisc.7066.desc;xxxxx;;;;;;;;;;;x
VIETmisc.7066.a;Xxxxxxffff;;;;;;;;;;;;;x
VIETmisc.7067.desc;xxxxx;;;;;;;;;;;x
VIETmisc.7067.a;Xxxxxxffff;;;;;;;;;;;;;x
VIETmisc.7068.desc;xxxxx;;;;;;;;;;;x
VIETmisc.7068.a;Xxxxxxffff;;;;;;;;;;;;;x
VIETmisc.7069.desc;xxxxx;;;;;;;;;;;x
VIETmisc.7069.a;Xxxxxxffff;;;;;;;;;;;;;x
VIETmisc.7070.desc;xxxxx;;;;;;;;;;;x
VIETmisc.7070.a;Xxxxxxffff;;;;;;;;;;;;;x
VIETmisc.7071.desc;xxxxx;;;;;;;;;;;x
VIETmisc.7071.a;Xxxxxxffff;;;;;;;;;;;;;x
VIETmisc.7072.desc;xxxxx;;;;;;;;;;;x
VIETmisc.7072.a;Xxxxxxffff;;;;;;;;;;;;;x
VIETmisc.7073.desc;xxxxx;;;;;;;;;;;x
VIETmisc.7073.a;Xxxxxxffff;;;;;;;;;;;;;x
VIETmisc.7074.desc;xxxxx;;;;;;;;;;;x
VIETmisc.7074.a;Xxxxxxffff;;;;;;;;;;;;;x
VIETmisc.7075.desc;xxxxx;;;;;;;;;;;x
VIETmisc.7075.a;Xxxxxxffff;;;;;;;;;;;;;x
VIETmisc.7076.desc;xxxxx;;;;;;;;;;;x
VIETmisc.7076.a;Xxxxxxffff;;;;;;;;;;;;;x
VIETmisc.7077.desc;xxxxx;;;;;;;;;;;x
VIETmisc.7077.a;Xxxxxxffff;;;;;;;;;;;;;x
VIETmisc.7078.desc;xxxxx;;;;;;;;;;;x
VIETmisc.7078.a;Xxxxxxffff;;;;;;;;;;;;;x
VIETmisc.7079.desc;xxxxx;;;;;;;;;;;x
VIETmisc.7079.a;Xxxxxxffff;;;;;;;;;;;;;x
VIETmisc.7080.desc;xxxxx;;;;;;;;;;;x
VIETmisc.7080.a;Xxxxxxffff;;;;;;;;;;;;;x
VIETmisc.7081.desc;xxxxx;;;;;;;;;;;x
VIETmisc.7081.a;Xxxxxxffff;;;;;;;;;;;;;x
VIETmisc.7082.desc;xxxxx;;;;;;;;;;;x
VIETmisc.7082.a;Xxxxxxffff;;;;;;;;;;;;;x
VIETmisc.7083.desc;xxxxx;;;;;;;;;;;x
VIETmisc.7083.a;Xxxxxxffff;;;;;;;;;;;;;x
VIETmisc.7084.desc;xxxxx;;;;;;;;;;;x
VIETmisc.7084.a;Xxxxxxffff;;;;;;;;;;;;;x
VIETmisc.7085.desc;xxxxx;;;;;;;;;;;x
VIETmisc.7085.a;Xxxxxxffff;;;;;;;;;;;;;x
VIETmisc.7086.desc;xxxxx;;;;;;;;;;;x
VIETmisc.7086.a;Xxxxxxffff;;;;;;;;;;;;;x
VIETmisc.7087.desc;xxxxx;;;;;;;;;;;x
VIETmisc.7087.a;Xxxxxxffff;;;;;;;;;;;;;x
VIETmisc.7088.desc;xxxxx;;;;;;;;;;;x
VIETmisc.7088.a;Xxxxxxffff;;;;;;;;;;;;;x
VIETmisc.7089.desc;xxxxx;;;;;;;;;;;x
VIETmisc.7089.a;Xxxxxxffff;;;;;;;;;;;;;x
VIETmisc.7090.desc;xxxxx;;;;;;;;;;;x
VIETmisc.7090.a;Xxxxxxffff;;;;;;;;;;;;;x
VIETmisc.7091.desc;xxxxx;;;;;;;;;;;x
VIETmisc.7091.a;Xxxxxxffff;;;;;;;;;;;;;x
VIETmisc.7092.desc;xxxxx;;;;;;;;;;;x
VIETmisc.7092.a;Xxxxxxffff;;;;;;;;;;;;;x
VIETmisc.7093.desc;xxxxx;;;;;;;;;;;x
VIETmisc.7093.a;Xxxxxxffff;;;;;;;;;;;;;x
VIETmisc.7094.desc;xxxxx;;;;;;;;;;;x
VIETmisc.7094.a;Xxxxxxffff;;;;;;;;;;;;;x
VIETmisc.7095.desc;xxxxx;;;;;;;;;;;x
VIETmisc.7095.a;Xxxxxxffff;;;;;;;;;;;;;x
VIETmisc.7096.desc;xxxxx;;;;;;;;;;;x
VIETmisc.7096.a;Xxxxxxffff;;;;;;;;;;;;;x
VIETmisc.7097.desc;xxxxx;;;;;;;;;;;x
VIETmisc.7097.a;Xxxxxxffff;;;;;;;;;;;;;x
VIETmisc.7098.desc;xxxxx;;;;;;;;;;;x
VIETmisc.7098.a;Xxxxxxffff;;;;;;;;;;;;;x
VIETmisc.7099.desc;xxxxx;;;;;;;;;;;x
VIETmisc.7099.a;Xxxxxxffff;;;;;;;;;;;;;x
VIETmisc.7100.desc;xxxxx;;;;;;;;;;;x
VIETmisc.7100.a;Xxxxxxffff;;;;;;;;;;;;;x
VIETmisc.7101.desc;xxxxx;;;;;;;;;;;x
VIETmisc.7101.a;Xxxxxxffff;;;;;;;;;;;;;x
VIETmisc.7102.desc;xxxxx;;;;;;;;;;;x
VIETmisc.7102.a;Xxxxxxffff;;;;;;;;;;;;;x
VIETmisc.7103.desc;xxxxx;;;;;;;;;;;x
VIETmisc.7103.a;Xxxxxxffff;;;;;;;;;;;;;x
VIETmisc.7104.desc;xxxxx;;;;;;;;;;;x
VIETmisc.7104.a;Xxxxxxffff;;;;;;;;;;;;;x
VIETmisc.7105.desc;xxxxx;;;;;;;;;;;x
VIETmisc.7105.a;Xxxxxxffff;;;;;;;;;;;;;x
VIETmisc.7106.desc;xxxxx;;;;;;;;;;;x
VIETmisc.7106.a;Xxxxxxffff;;;;;;;;;;;;;x
VIETmisc.7107.desc;xxxxx;;;;;;;;;;;x
VIETmisc.7107.a;Xxxxxxffff;;;;;;;;;;;;;x
VIETmisc.7108.desc;xxxxx;;;;;;;;;;;x
VIETmisc.7108.a;Xxxxxxffff;;;;;;;;;;;;;x
VIETmisc.7109.desc;xxxxx;;;;;;;;;;;x
VIETmisc.7109.a;Xxxxxxffff;;;;;;;;;;;;;x
VIETmisc.7110.desc;xxxxx;;;;;;;;;;;x
VIETmisc.7110.a;Xxxxxxffff;;;;;;;;;;;;;x
VIETmisc.7111.desc;xxxxx;;;;;;;;;;;x
VIETmisc.7111.a;Xxxxxxffff;;;;;;;;;;;;;x
VIETmisc.7112.desc;xxxxx;;;;;;;;;;;x
VIETmisc.7112.a;Xxxxxxffff;;;;;;;;;;;;;x
VIETmisc.7113.desc;xxxxx;;;;;;;;;;;x
VIETmisc.7113.a;Xxxxxxffff;;;;;;;;;;;;;x
VIETmisc.7114.desc;xxxxx;;;;;;;;;;;x
VIETmisc.7114.a;Xxxxxxffff;;;;;;;;;;;;;x
VIETmisc.7115.desc;xxxxx;;;;;;;;;;;x
VIETmisc.7115.a;Xxxxxxffff;;;;;;;;;;;;;x
VIETmisc.7116.desc;xxxxx;;;;;;;;;;;x
VIETmisc.7116.a;Xxxxxxffff;;;;;;;;;;;;;x
VIETmisc.7117.desc;xxxxx;;;;;;;;;;;x
VIETmisc.7117.a;Xxxxxxffff;;;;;;;;;;;;;x
VIETmisc.7118.desc;xxxxx;;;;;;;;;;;x
VIETmisc.7118.a;Xxxxxxffff;;;;;;;;;;;;;x
VIETmisc.7119.desc;xxxxx;;;;;;;;;;;x
VIETmisc.7119.a;Xxxxxxffff;;;;;;;;;;;;;x
VIETmisc.7120.desc;xxxxx;;;;;;;;;;;x
VIETmisc.7120.a;Xxxxxxffff;;;;;;;;;;;;;x
VIETmisc.7121.desc;xxxxx;;;;;;;;;;;x
VIETmisc.7121.a;Xxxxxxffff;;;;;;;;;;;;;x
VIETmisc.7122.desc;xxxxx;;;;;;;;;;;x
VIETmisc.7122.a;Xxxxxxffff;;;;;;;;;;;;;x
VIETmisc.7123.desc;xxxxx;;;;;;;;;;;x
VIETmisc.7123.a;Xxxxxxffff;;;;;;;;;;;;;x
VIETmisc.7124.desc;xxxxx;;;;;;;;;;;x
VIETmisc.7124.a;Xxxxxxffff;;;;;;;;;;;;;x
VIETmisc.7125.desc;xxxxx;;;;;;;;;;;x
VIETmisc.7125.a;Xxxxxxffff;;;;;;;;;;;;;x
VIETmisc.7126.desc;xxxxx;;;;;;;;;;;x
VIETmisc.7126.a;Xxxxxxffff;;;;;;;;;;;;;x
VIETmisc.7127.desc;xxxxx;;;;;;;;;;;x
VIETmisc.7127.a;Xxxxxxffff;;;;;;;;;;;;;x
VIETmisc.7128.desc;xxxxx;;;;;;;;;;;x
VIETmisc.7128.a;Xxxxxxffff;;;;;;;;;;;;;x
VIETmisc.7129.desc;xxxxx;;;;;;;;;;;x
VIETmisc.7129.a;Xxxxxxffff;;;;;;;;;;;;;x
VIETmisc.7130.desc;xxxxx;;;;;;;;;;;x
VIETmisc.7130.a;Xxxxxxffff;;;;;;;;;;;;;x
VIETmisc.7131.desc;xxxxx;;;;;;;;;;;x
VIETmisc.7131.a;Xxxxxxffff;;;;;;;;;;;;;x
VIETmisc.7132.desc;xxxxx;;;;;;;;;;;x
VIETmisc.7132.a;Xxxxxxffff;;;;;;;;;;;;;x
VIETmisc.7133.desc;xxxxx;;;;;;;;;;;x
VIETmisc.7133.a;Xxxxxxffff;;;;;;;;;;;;;x
VIETmisc.7134.desc;xxxxx;;;;;;;;;;;x
VIETmisc.7134.a;Xxxxxxffff;;;;;;;;;;;;;x
VIETmisc.7135.desc;xxxxx;;;;;;;;;;;x
VIETmisc.7135.a;Xxxxxxffff;;;;;;;;;;;;;x
VIETmisc.7136.desc;xxxxx;;;;;;;;;;;x
VIETmisc.7136.a;Xxxxxxffff;;;;;;;;;;;;;x
VIETmisc.7137.desc;xxxxx;;;;;;;;;;;x
VIETmisc.7137.a;Xxxxxxffff;;;;;;;;;;;;;x
VIETmisc.7138.desc;xxxxx;;;;;;;;;;;x
VIETmisc.7138.a;Xxxxxxffff;;;;;;;;;;;;;x
VIETmisc.7139.desc;xxxxx;;;;;;;;;;;x
VIETmisc.7139.a;Xxxxxxffff;;;;;;;;;;;;;x
VIETmisc.7140.desc;xxxxx;;;;;;;;;;;x
VIETmisc.7140.a;Xxxxxxffff;;;;;;;;;;;;;x
VIETmisc.7141.desc;xxxxx;;;;;;;;;;;x
VIETmisc.7141.a;Xxxxxxffff;;;;;;;;;;;;;x
VIETmisc.7142.desc;xxxxx;;;;;;;;;;;x
VIETmisc.7142.a;Xxxxxxffff;;;;;;;;;;;;;x
VIETmisc.7143.desc;xxxxx;;;;;;;;;;;x
VIETmisc.7143.a;Xxxxxxffff;;;;;;;;;;;;;x
VIETmisc.7144.desc;xxxxx;;;;;;;;;;;x
VIETmisc.7144.a;Xxxxxxffff;;;;;;;;;;;;;x
VIETmisc.7145.desc;xxxxx;;;;;;;;;;;x
VIETmisc.7145.a;Xxxxxxffff;;;;;;;;;;;;;x
VIETmisc.7146.desc;xxxxx;;;;;;;;;;;x
VIETmisc.7146.a;Xxxxxxffff;;;;;;;;;;;;;x
VIETmisc.7147.desc;xxxxx;;;;;;;;;;;x
VIETmisc.7147.a;Xxxxxxffff;;;;;;;;;;;;;x
VIETmisc.7148.desc;xxxxx;;;;;;;;;;;x
VIETmisc.7148.a;Xxxxxxffff;;;;;;;;;;;;;x
VIETmisc.7149.desc;xxxxx;;;;;;;;;;;x
VIETmisc.7149.a;Xxxxxxffff;;;;;;;;;;;;;x
VIETmisc.7150.desc;xxxxx;;;;;;;;;;;x
VIETmisc.7150.a;Xxxxxxffff;;;;;;;;;;;;;x
VIETmisc.7151.desc;xxxxx;;;;;;;;;;;x
VIETmisc.7151.a;Xxxxxxffff;;;;;;;;;;;;;x
VIETmisc.7152.desc;xxxxx;;;;;;;;;;;x
VIETmisc.7152.a;Xxxxxxffff;;;;;;;;;;;;;x
VIETmisc.7153.desc;xxxxx;;;;;;;;;;;x
VIETmisc.7153.a;Xxxxxxffff;;;;;;;;;;;;;x
VIETmisc.7154.desc;xxxxx;;;;;;;;;;;x
VIETmisc.7154.a;Xxxxxxffff;;;;;;;;;;;;;x
VIETmisc.7155.desc;xxxxx;;;;;;;;;;;x
VIETmisc.7155.a;Xxxxxxffff;;;;;;;;;;;;;x
VIETmisc.7156.desc;xxxxx;;;;;;;;;;;x
VIETmisc.7156.a;Xxxxxxffff;;;;;;;;;;;;;x
VIETmisc.7157.desc;xxxxx;;;;;;;;;;;x
VIETmisc.7157.a;Xxxxxxffff;;;;;;;;;;;;;x
VIETmisc.7158.desc;xxxxx;;;;;;;;;;;x
VIETmisc.7158.a;Xxxxxxffff;;;;;;;;;;;;;x
VIETmisc.7159.desc;xxxxx;;;;;;;;;;;x
VIETmisc.7159.a;Xxxxxxffff;;;;;;;;;;;;;x
VIETmisc.7160.desc;xxxxx;;;;;;;;;;;x
VIETmisc.7160.a;Xxxxxxffff;;;;;;;;;;;;;x
VIETmisc.7161.desc;xxxxx;;;;;;;;;;;x
VIETmisc.7161.a;Xxxxxxffff;;;;;;;;;;;;;x
VIETmisc.7162.desc;xxxxx;;;;;;;;;;;x
VIETmisc.7162.a;Xxxxxxffff;;;;;;;;;;;;;x
VIETmisc.7163.desc;xxxxx;;;;;;;;;;;x
VIETmisc.7163.a;Xxxxxxffff;;;;;;;;;;;;;x
VIETmisc.7164.desc;xxxxx;;;;;;;;;;;x
VIETmisc.7164.a;Xxxxxxffff;;;;;;;;;;;;;x
VIETmisc.7165.desc;xxxxx;;;;;;;;;;;x
VIETmisc.7165.a;Xxxxxxffff;;;;;;;;;;;;;x
VIETmisc.7166.desc;xxxxx;;;;;;;;;;;x
VIETmisc.7166.a;Xxxxxxffff;;;;;;;;;;;;;x
VIETmisc.7167.desc;xxxxx;;;;;;;;;;;x
VIETmisc.7167.a;Xxxxxxffff;;;;;;;;;;;;;x
VIETmisc.7168.desc;xxxxx;;;;;;;;;;;x
VIETmisc.7168.a;Xxxxxxffff;;;;;;;;;;;;;x
VIETmisc.7169.desc;xxxxx;;;;;;;;;;;x
VIETmisc.7169.a;Xxxxxxffff;;;;;;;;;;;;;x
VIETmisc.7170.desc;xxxxx;;;;;;;;;;;x
VIETmisc.7170.a;Xxxxxxffff;;;;;;;;;;;;;x
VIETmisc.7171.desc;xxxxx;;;;;;;;;;;x
VIETmisc.7171.a;Xxxxxxffff;;;;;;;;;;;;;x
VIETmisc.7172.desc;xxxxx;;;;;;;;;;;x
VIETmisc.7172.a;Xxxxxxffff;;;;;;;;;;;;;x
VIETmisc.7173.desc;xxxxx;;;;;;;;;;;x
VIETmisc.7173.a;Xxxxxxffff;;;;;;;;;;;;;x
VIETmisc.7174.desc;xxxxx;;;;;;;;;;;x
VIETmisc.7174.a;Xxxxxxffff;;;;;;;;;;;;;x
VIETmisc.7175.desc;xxxxx;;;;;;;;;;;x
VIETmisc.7175.a;Xxxxxxffff;;;;;;;;;;;;;x
VIETmisc.7176.desc;xxxxx;;;;;;;;;;;x
VIETmisc.7176.a;Xxxxxxffff;;;;;;;;;;;;;x
VIETmisc.7177.desc;xxxxx;;;;;;;;;;;x
VIETmisc.7177.a;Xxxxxxffff;;;;;;;;;;;;;x
VIETmisc.7178.desc;xxxxx;;;;;;;;;;;x
VIETmisc.7178.a;Xxxxxxffff;;;;;;;;;;;;;x
VIETmisc.7179.desc;xxxxx;;;;;;;;;;;x
VIETmisc.7179.a;Xxxxxxffff;;;;;;;;;;;;;x
VIETmisc.7180.desc;xxxxx;;;;;;;;;;;x
VIETmisc.7180.a;Xxxxxxffff;;;;;;;;;;;;;x
VIETmisc.7181.desc;xxxxx;;;;;;;;;;;x
VIETmisc.7181.a;Xxxxxxffff;;;;;;;;;;;;;x
VIETmisc.7182.desc;xxxxx;;;;;;;;;;;x
VIETmisc.7182.a;Xxxxxxffff;;;;;;;;;;;;;x
VIETmisc.7183.desc;xxxxx;;;;;;;;;;;x
VIETmisc.7183.a;Xxxxxxffff;;;;;;;;;;;;;x
VIETmisc.7184.desc;xxxxx;;;;;;;;;;;x
VIETmisc.7184.a;Xxxxxxffff;;;;;;;;;;;;;x
VIETmisc.7185.desc;xxxxx;;;;;;;;;;;x
VIETmisc.7185.a;Xxxxxxffff;;;;;;;;;;;;;x
VIETmisc.7186.desc;xxxxx;;;;;;;;;;;x
VIETmisc.7186.a;Xxxxxxffff;;;;;;;;;;;;;x
VIETmisc.7187.desc;xxxxx;;;;;;;;;;;x
VIETmisc.7187.a;Xxxxxxffff;;;;;;;;;;;;;x
VIETmisc.7188.desc;xxxxx;;;;;;;;;;;x
VIETmisc.7188.a;Xxxxxxffff;;;;;;;;;;;;;x
VIETmisc.7189.desc;xxxxx;;;;;;;;;;;x
VIETmisc.7189.a;Xxxxxxffff;;;;;;;;;;;;;x
VIETmisc.7190.desc;xxxxx;;;;;;;;;;;x
VIETmisc.7190.a;Xxxxxxffff;;;;;;;;;;;;;x
VIETmisc.7191.desc;xxxxx;;;;;;;;;;;x
VIETmisc.7191.a;Xxxxxxffff;;;;;;;;;;;;;x
VIETmisc.7192.desc;xxxxx;;;;;;;;;;;x
VIETmisc.7192.a;Xxxxxxffff;;;;;;;;;;;;;x
VIETmisc.7193.desc;xxxxx;;;;;;;;;;;x
VIETmisc.7193.a;Xxxxxxffff;;;;;;;;;;;;;x
VIETmisc.7194.desc;xxxxx;;;;;;;;;;;x
VIETmisc.7194.a;Xxxxxxffff;;;;;;;;;;;;;x
VIETmisc.7195.desc;xxxxx;;;;;;;;;;;x
VIETmisc.7195.a;Xxxxxxffff;;;;;;;;;;;;;x
VIETmisc.7196.desc;xxxxx;;;;;;;;;;;x
VIETmisc.7196.a;Xxxxxxffff;;;;;;;;;;;;;x
VIETmisc.7197.desc;xxxxx;;;;;;;;;;;x
VIETmisc.7197.a;Xxxxxxffff;;;;;;;;;;;;;x
VIETmisc.7198.desc;xxxxx;;;;;;;;;;;x
VIETmisc.7198.a;Xxxxxxffff;;;;;;;;;;;;;x
VIETmisc.7199.desc;xxxxx;;;;;;;;;;;x
VIETmisc.7199.a;Xxxxxxffff;;;;;;;;;;;;;x
